{"cameraMode":{"drawMode":0,"name":"Shaded","section":"Shading Mode"},"sceneLighting":true,"audioPlay":false,"sceneViewState":{"showFog":true,"showMaterialUpdate":false,"showSkybox":true,"showFlares":true,"showImageEffects":true,"showParticleSystems":true},"in2DMode":false,"pivot":{"x":3.183868408203125,"y":-21.302005767822267,"z":10.861087799072266},"rotation":{"x":0.045532092452049258,"y":0.9521917104721069,"z":-0.1772196888923645,"w":0.24464477598667146},"size":57.393924713134769,"orthographic":false}