{"cameraMode":{"drawMode":0,"name":"Shaded","section":"Shading Mode"},"sceneLighting":false,"audioPlay":false,"sceneViewState":{"showFog":true,"showMaterialUpdate":false,"showSkybox":true,"showFlares":true,"showImageEffects":true,"showParticleSystems":true},"in2DMode":false,"pivot":{"x":15.251263618469239,"y":-23.92685317993164,"z":-21.900238037109376},"rotation":{"x":-0.12054318934679032,"y":0.8448917269706726,"z":-0.2143947184085846,"w":-0.4750390946865082},"size":155.4367218017578,"orthographic":false}