{"cameraMode":{"drawMode":0,"name":"Shaded","section":"Shading Mode"},"sceneLighting":false,"audioPlay":false,"sceneViewState":{"showFog":true,"showMaterialUpdate":false,"showSkybox":true,"showFlares":true,"showImageEffects":true,"showParticleSystems":true},"in2DMode":false,"pivot":{"x":9.704198837280274,"y":-27.12811851501465,"z":29.399093627929689},"rotation":{"x":-0.12054318934679032,"y":0.8448917269706726,"z":-0.2143947184085846,"w":-0.4750390946865082},"size":28.93252182006836,"orthographic":false}