{"cameraMode":{"drawMode":0,"name":"Shaded","section":"Shading Mode"},"sceneLighting":false,"audioPlay":false,"sceneViewState":{"showFog":true,"showMaterialUpdate":false,"showSkybox":true,"showFlares":true,"showImageEffects":true,"showParticleSystems":true},"in2DMode":false,"pivot":{"x":-1.4089992046356202,"y":-31.077369689941408,"z":18.19999885559082},"rotation":{"x":-0.12054319679737091,"y":0.8448917865753174,"z":-0.2143947333097458,"w":-0.47503912448883059},"size":16.610042572021486,"orthographic":false}